Datetime,Water Level (m)
2025-11-10 06:00:00,-0.3458868
2025-11-10 07:00:00,-0.09515724
2025-11-10 08:00:00,0.20781428
2025-11-10 09:00:00,0.47286442
2025-11-10 10:00:00,0.58310187
2025-11-10 11:00:00,0.45864382
2025-11-10 12:00:00,0.2582759
2025-11-10 13:00:00,0.008197311
2025-11-10 14:00:00,-0.23974293
2025-11-10 15:00:00,-0.46833515
2025-11-10 16:00:00,-0.6493191
2025-11-10 17:00:00,-0.6502878
2025-11-10 18:00:00,-0.37406737
2025-11-10 19:00:00,-0.064274736
2025-11-10 20:00:00,0.3084012
2025-11-10 21:00:00,0.6558311
2025-11-10 22:00:00,0.86450744
2025-11-10 23:00:00,0.86303204
2025-11-11 00:00:00,0.6494566
2025-11-11 01:00:00,0.40122482
2025-11-11 02:00:00,0.12568112
2025-11-11 03:00:00,-0.13797164
2025-11-11 04:00:00,-0.37501055
2025-11-11 05:00:00,-0.5563587
2025-11-11 06:00:00,-0.59503394
2025-11-11 07:00:00,-0.37436008
2025-11-11 08:00:00,-0.12818728
2025-11-11 09:00:00,0.15021458
2025-11-11 10:00:00,0.38566643
2025-11-11 11:00:00,0.49665752
2025-11-11 12:00:00,0.37909126
2025-11-11 13:00:00,0.19814429
2025-11-11 14:00:00,-0.018331435
2025-11-11 15:00:00,-0.23474175
2025-11-11 16:00:00,-0.42528594
2025-11-11 17:00:00,-0.5558196
2025-11-11 18:00:00,-0.510749
2025-11-11 19:00:00,-0.28617746
2025-11-11 20:00:00,-0.024533324
2025-11-11 21:00:00,0.2822048
2025-11-11 22:00:00,0.5661229
2025-11-11 23:00:00,0.7334856
2025-11-12 00:00:00,0.7277259
2025-11-12 01:00:00,0.5366866
2025-11-12 02:00:00,0.31890604
2025-11-12 03:00:00,0.06823852
2025-11-12 04:00:00,-0.17306279
2025-11-12 05:00:00,-0.38720673
2025-11-12 06:00:00,-0.54997826
2025-11-12 07:00:00,-0.59774715
2025-11-12 08:00:00,-0.4180132
2025-11-12 09:00:00,-0.20375626
2025-11-12 10:00:00,0.027567936
2025-11-12 11:00:00,0.27663186
2025-11-12 12:00:00,0.42318252
2025-11-12 13:00:00,0.40806273
2025-11-12 14:00:00,0.2486986
2025-11-12 15:00:00,0.058675844
2025-11-12 16:00:00,-0.14595778
2025-11-12 17:00:00,-0.32804278
2025-11-12 18:00:00,-0.4639367
2025-11-12 19:00:00,-0.4771637
2025-11-12 20:00:00,-0.2944224
2025-11-12 21:00:00,-0.073337965
2025-11-12 22:00:00,0.19049637
2025-11-12 23:00:00,0.44552073
2025-11-13 00:00:00,0.606699
2025-11-13 01:00:00,0.6191676
2025-11-13 02:00:00,0.47955948
2025-11-13 03:00:00,0.28225994
2025-11-13 04:00:00,0.053935897
2025-11-13 05:00:00,-0.17463823
2025-11-13 06:00:00,-0.3817979
2025-11-13 07:00:00,-0.5480442
2025-11-13 08:00:00,-0.6282039
2025-11-13 09:00:00,-0.48805147
2025-11-13 10:00:00,-0.27546144
2025-11-13 11:00:00,-0.016518222
2025-11-13 12:00:00,0.22861814
2025-11-13 13:00:00,0.4230337
2025-11-13 14:00:00,0.4880157
2025-11-13 15:00:00,0.36563104
2025-11-13 16:00:00,0.1835287
2025-11-13 17:00:00,-0.02157572
2025-11-13 18:00:00,-0.2157569
2025-11-13 19:00:00,-0.37310916
2025-11-13 20:00:00,-0.4582371
2025-11-13 21:00:00,-0.3581281
2025-11-13 22:00:00,-0.15905583
2025-11-13 23:00:00,0.08189175
2025-11-14 00:00:00,0.33218876
2025-11-14 01:00:00,0.53155774
2025-11-14 02:00:00,0.59649444
2025-11-14 03:00:00,0.50425756
2025-11-14 04:00:00,0.3199985
2025-11-14 05:00:00,0.09315415
2025-11-14 06:00:00,-0.1409592
2025-11-14 07:00:00,-0.35951585
2025-11-14 08:00:00,-0.5416123
2025-11-14 09:00:00,-0.6471616
2025-11-14 10:00:00,-0.5133652
2025-11-14 11:00:00,-0.2836622
2025-11-14 12:00:00,-0.007303951
2025-11-14 13:00:00,0.27022934
2025-11-14 14:00:00,0.49649265
2025-11-14 15:00:00,0.5767857
2025-11-14 16:00:00,0.4867138
2025-11-14 17:00:00,0.30254585
2025-11-14 18:00:00,0.08486041
2025-11-14 19:00:00,-0.13349418
2025-11-14 20:00:00,-0.32600817
2025-11-14 21:00:00,-0.46451834
2025-11-14 22:00:00,-0.45266774
2025-11-14 23:00:00,-0.23873945
2025-11-15 00:00:00,0.0027732607
2025-11-15 01:00:00,0.27292943
2025-11-15 02:00:00,0.50423753
2025-11-15 03:00:00,0.5988432
2025-11-15 04:00:00,0.5142445
2025-11-15 05:00:00,0.3198384
2025-11-15 06:00:00,0.08396066
2025-11-15 07:00:00,-0.15947749
2025-11-15 08:00:00,-0.38700855
2025-11-15 09:00:00,-0.57778054
2025-11-15 10:00:00,-0.6817747
2025-11-15 11:00:00,-0.5150662
2025-11-15 12:00:00,-0.26916042
2025-11-15 13:00:00,0.027511027
2025-11-15 14:00:00,0.3461998
2025-11-15 15:00:00,0.591753
2025-11-15 16:00:00,0.67913187
2025-11-15 17:00:00,0.55669993
2025-11-15 18:00:00,0.35242122
2025-11-15 19:00:00,0.10767121
2025-11-15 20:00:00,-0.13420385
2025-11-15 21:00:00,-0.35117885
2025-11-15 22:00:00,-0.5100114
2025-11-15 23:00:00,-0.51413304
2025-11-16 00:00:00,-0.2867774
2025-11-16 01:00:00,-0.0326492
2025-11-16 02:00:00,0.2575647
2025-11-16 03:00:00,0.5052134
2025-11-16 04:00:00,0.5993686
2025-11-16 05:00:00,0.4868681
2025-11-16 06:00:00,0.2733924
